((\d|\d\d|[0-1]\d\d|2[0-4]\d|25[0-5])\.(\d|\d\d|[0-1]\d\d|2[0-4]\d|25[0-5])\.(\d|\d\d|[0-1]\d\d|2[0-4]\d|25[0-5])\.(\d|\d\d|[0-1]\d\d|2[0-4]\d|25[0-5]));10.0.0.1;t
([a-z0-9][a-z0-9-]*)(\.[a-z0-9][a-z0-9-]*)+;www.regexlib.com;t
^\d{5}$;12345;t
^\d{4}$;5020;t
(\w[-._\w]*\w@\w[-._\w]*\w\.\w{2,3});ich@email;t
blafasel;blafasel;t
blafasel;blufasel;f
bl.;bla;t
bl.;blu;t
bl.;bal;f
bl.;bul;f
inter\.net;inter.net;t
inter\.net;inter-net;f
bla*;bl;t
bla*;blaa;t
bla*;ba;f
bla*;bar;f
bla+;bla;t
bla+;blaa;t
bla+;bl;f
bla+;ba;f
ball?;bal;t
ball?;ball;t
ball?;ba;f
ball?;bul;f
z{3};zzz;t
z{3};z;f
z{3};zzzz;f
z{2,};zz;t
z{2,};zzz;t
z{2,};z;f
z{2,3};zz;t
z{2,3};zzz;t
z{2,3};z;f
z{2,3};zzzz;f
[au]nd;and;t
[au]nd;und;t
[au]nd;ind;f
[au]nd;mnd;f
[^au]nd;ind;t
[^au]nd;mnd;t
[^au]nd;and;f
[^au]nd;und;f
[a-e];a;t
[a-e];b;t
[a-e];d;t
[a-e];e;t
[a-e];E;f
[a-e];g;f
[a-e];z;f
(br)+;br;t
(br)+;brbrbr;t
(br)+;r;f
(br)+;rrr;f
(br)+;b;f
and|und;and;t
and|und;und;t
and|und;ind;f
and|und;mnd;f
^time;time out;t
^time;last time;f
time$;time out;f
time$;last time;t
.;Fa;f
.;b;t
.;c;t
.;abc;f
b.a;bla;t
b.a;bba;t
b.a;bra;t
b.a;faa;f
b.a;zaa;f
b\.a;b.a;t
bl*;b;t
bl*;bl;t
bl*;blll;t
bl*;ba;f
bl*;bla;f
bl+;bl;t
bl+;bla;t
bl+;blll;t
bl+;b;f
bl+;ba;f
n.+b;nabana;t  
n.+b;nbana;f
bl?a;bla;t
bl?a;ba;t
bl?a;blla;f
bl?a;blu;f
ga{3}nz;gaaanz;t
ga{3}nz;ganz;f
ga{3}nz;gaanz;f
ga{3}nz;gaaaanz;f
ga{2,}nz;gaanz;t
ga{2,}nz;gaaaanz;t
ga{2,}nz;ganz;f
ga{2,5}nz;gaanz;t
ga{2,5}nz;gaaaaanz;t
ga{2,5}nz;ganz;f
ga{2,5}nz;gaaaaaaanz;f
bla|fasel;bla;t
bla|fasel;fasel;t
bla|fasel;blaf;f
bl(a|f)asel;blaasel;t
bl(a|f)asel;blfasel;t
bl(a|f)asel;blafasel;f
[kflr]ind;kind;t
[kflr]ind;find;t
[kflr]ind;sind;f
[kflr]ind;kfind;f
[^kflr]ind;sind;t
[^kflr]ind;wind;t
[^kflr]ind;kind;f
[^kflr]ind;find;f